image; name; link; category

https://pluralsight.imgix.net/course-images/audience/software-development.jpg?w=150;Heroku: Getting Started;https://www.pluralsight.com//courses/heroku-getting-started;Software development

https://pluralsight.imgix.net/course-images/java-fundamentals-language-v1.jpg?w=150;Java Fundamentals: The Java Language;https://www.pluralsight.com//courses/java-fundamentals-language;Software development

https://pluralsight.imgix.net/course-images/ng-conf-19-angular-principles-node-v1.png?w=150;ng-conf '19: Productivity Revolution: Angular Principles in Node;https://www.pluralsight.com//courses/ng-conf-19-angular-principles-node;Software development

https://pluralsight.imgix.net/course-images/audience/software-development.jpg?w=150;Java EE: Getting Started;https://www.pluralsight.com//courses/java-ee-getting-started;Software development

https://pluralsight.imgix.net/course-images/python-getting-started-v1.jpg?w=150;Python: Getting Started;https://www.pluralsight.com//courses/python-getting-started;Software development

https://pluralsight.imgix.net/course-images/getting-started-programming-java-v1.png?w=150;Getting Started with Programming in Java;https://www.pluralsight.com//courses/getting-started-programming-java;Software development

https://pluralsight.imgix.net/course-images/kotlin-getting-started-v1.jpg?w=150;Getting Started with Kotlin;https://www.pluralsight.com//courses/kotlin-getting-started;Software development

https://pluralsight.imgix.net/course-images/serverless-programming-fn-project-v1.png?w=150;Serverless Programming with Fn Project;https://www.pluralsight.com//courses/serverless-programming-fn-project;Software development

https://pluralsight.imgix.net/course-images/python-fundamentals-v1.jpg?w=150;Python Fundamentals;https://www.pluralsight.com//courses/python-fundamentals;Software development

https://pluralsight.imgix.net/course-images/core-python-organizing-larger-programs-v1.png?w=150;Core Python: Organizing Larger Programs;https://www.pluralsight.com//courses/core-python-organizing-larger-programs;Software development

https://pluralsight.imgix.net/course-images/java-testing-introduction-v1.jpg?w=150;Introduction to Testing in Java;https://www.pluralsight.com//courses/java-testing-introduction;Software development

https://pluralsight.imgix.net/course-images/java-ee-java-server-pages-v1.jpg?w=150;Java EE: Java Server Pages;https://www.pluralsight.com//courses/java-ee-java-server-pages;Software development

https://pluralsight.imgix.net/course-images/audience/software-development.jpg?w=150;Getting Started with Python Concurrency;https://www.pluralsight.com//courses/python-concurrency-getting-started;Software development

https://pluralsight.imgix.net/course-images/groovy-getting-started-v1.png?w=150;Groovy: Getting Started;https://www.pluralsight.com//courses/groovy-getting-started;Software development

https://pluralsight.imgix.net/course-images/game-programming-python-pygame-v1.jpg?w=150;Game Programming with Python and PyGame;https://www.pluralsight.com//courses/game-programming-python-pygame;Software development

https://pluralsight.imgix.net/course-images/javaserver-faces-getting-started-java-ee-v1.jpg?w=150;Java EE: Getting Started with JavaServer Faces;https://www.pluralsight.com//courses/javaserver-faces-getting-started-java-ee;Software development

https://pluralsight.imgix.net/course-images/audience/software-development.jpg?w=150;Building an Angular Application with Node and Token Authentication;https://www.pluralsight.com//courses/building-angular-application-node-token-authentication;Software development

https://pluralsight.imgix.net/course-images/audience/software-development.jpg?w=150;Getting Started with the Python Standard Library;https://www.pluralsight.com//courses/python-standard-library-getting-started;Software development

https://pluralsight.imgix.net/course-images/java-api-websockets-introduction-v1.jpg?w=150;Introduction to the Java API for WebSockets;https://www.pluralsight.com//courses/java-api-websockets-introduction;Software development

https://pluralsight.imgix.net/course-images/angular-ngrx-getting-started-v1.png?w=150;Angular NgRx: Getting Started;https://www.pluralsight.com//courses/angular-ngrx-getting-started;Software development

https://pluralsight.imgix.net/course-images/angular-2-getting-started-update-v1.jpg?w=150;Angular: Getting Started;https://www.pluralsight.com//courses/angular-2-getting-started-update;Software development

https://pluralsight.imgix.net/course-images/scala-for-java-developers-v1.jpg?w=150;Scala for Java Developers;https://www.pluralsight.com//courses/scala-for-java-developers;Software development

https://pluralsight.imgix.net/course-images/enterprise-aws-lambdas-java-eclipse-ide-v1.png?w=150;Introduction to Developing AWS Lambdas in Java;https://www.pluralsight.com//courses/enterprise-aws-lambdas-java-eclipse-ide;Software development

https://pluralsight.imgix.net/course-images/creating-apps-angular-node-token-authentication-v1.jpg?w=150;Creating Apps With AngularJS, Node, and Token Authentication;https://www.pluralsight.com//courses/creating-apps-angular-node-token-authentication;Software development

https://pluralsight.imgix.net/course-images/accelerated-introduction-cpp-v1.jpg?w=150;Accelerated Introduction to C++;https://www.pluralsight.com//courses/accelerated-introduction-cpp;Software development

https://pluralsight.imgix.net/course-images/java-bdd-cucumber-gherkin-getting-started-v1.png?w=150;Java: BDD with Cucumber and Gherkin Getting Started;https://www.pluralsight.com//courses/java-bdd-cucumber-gherkin-getting-started;Software development

https://pluralsight.imgix.net/course-images/angular-denver-2019-session-21-v2.jpg?w=150;Angular Denver '19: Introduction to Angular Elements;https://www.pluralsight.com//courses/angular-denver-2019-session-21;Software development

https://pluralsight.imgix.net/course-images/play-2-java-v1.jpg?w=150;Play! 2 for Java;https://www.pluralsight.com//courses/play-2-java;Software development

https://pluralsight.imgix.net/course-images/audience/software-development.jpg?w=150;Python: The Big Picture;https://www.pluralsight.com//courses/python-big-picture;Software development

https://pluralsight.imgix.net/course-images/sequelize-orm-nodejs-introduction-v1.jpg?w=150;Introduction to Sequelize ORM for Node.js;https://www.pluralsight.com//courses/sequelize-orm-nodejs-introduction;Software development

https://d3njjcbhbojbot.cloudfront.net/api/utilities/v1/imageproxy/https://s3.amazonaws.com/coursera-course-photos/04/71a6b0423011e7afe52f33f45e3daf/run-2087056__480.jpg?auto=format%2Ccompress&dpr=1&w=150&h=150&fit=fill&bg=FFF;;Science of Exercise;https://www.coursera.org/learn/science-exercise

https://d3njjcbhbojbot.cloudfront.net/api/utilities/v1/imageproxy/https://s3.amazonaws.com/coursera-course-photos/b0/aae5e0b59611e58ae18543e6165465/fruit-bowl.jpg?auto=format%2Ccompress&dpr=1&w=150&h=150&fit=fill&bg=FFF;;Stanford Introduction to Food and Health;https://www.coursera.org/learn/food-and-health

https://d3njjcbhbojbot.cloudfront.net/api/utilities/v1/imageproxy/https://s3.amazonaws.com/coursera-course-photos/8e/7e49415b3342e88372f954da954d45/CourseraLogo2.png?auto=format%2Ccompress&dpr=1&w=150&h=150&fit=fill&bg=FFF;;Hacking Exercise For Health. The surprising new science of fitness.;https://www.coursera.org/learn/hacking-exercise-health

https://d3njjcbhbojbot.cloudfront.net/api/utilities/v1/imageproxy/https://s3.amazonaws.com/coursera-course-photos/55/8d2e309e6811e3bf47177a6a987fca/Vital-Signs-1.png?auto=format%2Ccompress&dpr=1&w=150&h=150&fit=fill&bg=FFF;;Vital Signs: Understanding What the Body Is Telling Us;https://www.coursera.org/learn/vital-signs

https://d3njjcbhbojbot.cloudfront.net/api/utilities/v1/imageproxy/https://s3.amazonaws.com/coursera-course-photos/bc/0ec3106e3b11e8ad644fcd64209a57/Biohacking-the-Brain-Course-Logo.png?auto=format%2Ccompress&dpr=1&w=150&h=150&fit=fill&bg=FFF;;Biohacking Your Brain's Health;https://www.coursera.org/learn/biohacking-your-brains-health

https://d3njjcbhbojbot.cloudfront.net/api/utilities/v1/imageproxy/https://s3.amazonaws.com/coursera-course-photos/2a/4f4038f9a060f0f2e4fa50c2d6a857/iStock_000002041388_ExtraSmall.jpg?auto=format%2Ccompress&dpr=1&w=150&h=150&fit=fill&bg=FFF;;Introduction to Psychology;https://www.coursera.org/learn/introduction-psych

https://d3njjcbhbojbot.cloudfront.net/api/utilities/v1/imageproxy/https://s3.amazonaws.com/coursera-course-photos/37/1801c0912011e6b13d953d437fe0e5/newnordicdiet_175x175.jpg?auto=format%2Ccompress&dpr=1&w=150&h=150&fit=fill&bg=FFF;;The New Nordic Diet - from Gastronomy to Health;https://www.coursera.org/learn/new-nordic-diet

https://d3njjcbhbojbot.cloudfront.net/api/utilities/v1/imageproxy/https://s3.amazonaws.com/coursera-course-photos/c3/d7268283fbf83758922567e4b06388/Forensic-Science-3D.png?auto=format%2Ccompress&dpr=1&w=150&h=150&fit=fill&bg=FFF;;Introduction to Forensic Science;https://www.coursera.org/learn/forensic-science

https://media.education-ecosystem.com/livestream_splashscreen/19/02/design_City_Bike_Service_app_in_Sketch_and_InVision_uLmHdDf.jpg;How to design City Bike Service app in Sketch and InVision;https://www.education-ecosystem.com/dovhyi/2Qp6j-how-to-design-city-bike-service-app-in-sketch-and-invision;Design

https://media.education-ecosystem.com/cache/cd/68/cd682dbbcd8cc5006ea1ff5fdc2b9f63.jpg;How to master UI Design skills using Sketch for a mortgage repayment website;https://www.education-ecosystem.com/barnabasnagy/lMJQa-how-to-master-ui-design-skills-using-sketch-for-a-mortgage-repayment-w;Design

https://media.education-ecosystem.com/cache/e2/1d/e21dcad9d135e35633b7ba857dfe9d3a.jpg;How to design responsive online phone shop website-Axure;https://www.education-ecosystem.com/barnabasnagy/lMJ1n-how-to-design-responsive-online-phone-shop-website-axure;Design

https://media.education-ecosystem.com/cache/94/7e/947ec7baf469168166bc750497a81c60.jpg;How to design a statue of Ares God of War - Maya;https://www.education-ecosystem.com/solussi/lmr7E-how-to-design-a-statue-of-ares-god-of-war-maya;Design

https://media.education-ecosystem.com/cache/2f/22/2f221fdea9b56ee296d1d7b0d49ef060.jpg;How to Redesign Ethereum website, complete UI/UX guide;https://www.education-ecosystem.com/leila1605/ZB33j-how-to-redesign-ethereum-website-complete-uiux-guide;Design

https://media.education-ecosystem.com/cache/35/7e/357ea31683ed0b96e88086db091d18b3.jpg;Tricks for Autodesk Maya: Fluids and Animation;https://www.education-ecosystem.com/solussi/RGKXq-tricks-for-autodesk-maya-fluids-and-animation;Design

https://media.education-ecosystem.com/cache/a4/b9/a4b99380f8b80b9a8adca5c76abe3566.jpg;How to design City Bike Service app in Sketch and InVision;https://www.education-ecosystem.com/dovhyi/2Qp6j-how-to-design-city-bike-service-app-in-sketch-and-invision;Design

/static/img/bauhaus.jpg;How to model articulated action figurine for 3d printing;https://www.education-ecosystem.com/eazy-3d/lN7Vm-how-to-model-articulated-action-figurine-for-3d-printing;Design

https://media.education-ecosystem.com/cache/52/13/52137d31680121080a5276f44d7512a0.jpg;Fusion: How to create a video for a website;https://www.education-ecosystem.com/potrivaev/R6GdX-fusion-how-to-create-a-video-for-a-website;Design

https://media.education-ecosystem.com/cache/fe/bf/febf08cb046105f8042d546c78f35278.jpg;How to design website and app for Internet Of Things business;https://www.education-ecosystem.com/raj_sharma/2gxko-how-to-design-website-and-app-for-internet-of-things-business;Design

https://media.education-ecosystem.com/cache/c8/f3/c8f3dea9f573a54fced74e2b4bdb0044.jpg;How to Design 3D Models for Medieval game in Autodesk Maya;https://www.education-ecosystem.com/solussi/2wGxm-how-to-design-3d-models-for-medieval-game-in-autodesk-maya;Design

https://media.education-ecosystem.com/cache/cd/68/cd682dbbcd8cc5006ea1ff5fdc2b9f63.jpg;How to master UI Design skills using Sketch for a mortgage repayment website;https://www.education-ecosystem.com/barnabasnagy/lMJQa-how-to-master-ui-design-skills-using-sketch-for-a-mortgage-repayment-w;Design

https://media.education-ecosystem.com/cache/35/20/3520602a255cb9e9eb87d114af54be94.jpg;How to Design online video streaming website with Sketch;https://www.education-ecosystem.com/barnabasnagy/RxGk0-how-to-design-online-video-streaming-website-with-sketch;Design

https://media.education-ecosystem.com/cache/93/ab/93ab5ad5ca9c2693f28b0446a41f8fd6.jpg;How to design Car dealers website - Axure;https://www.education-ecosystem.com/barnabasnagy/lKKOJ-how-to-design-car-dealers-website-axure;Design

https://media.education-ecosystem.com/cache/88/95/8895080eaa7f5b1798d9a166a4032583.jpg;How to master Axure UX skills and create a Babysitter Website;https://www.education-ecosystem.com/barnabasnagy/ZDD4q-how-to-master-axure-ux-skills-and-create-a-babysitter-website;Design

https://media.education-ecosystem.com/cache/e2/1d/e21dcad9d135e35633b7ba857dfe9d3a.jpg;How to design responsive online phone shop website-Axure;https://www.education-ecosystem.com/barnabasnagy/lMJ1n-how-to-design-responsive-online-phone-shop-website-axure;Design

https://media.education-ecosystem.com/cache/94/7e/947ec7baf469168166bc750497a81c60.jpg;How to design a statue of Ares God of War - Maya;https://www.education-ecosystem.com/solussi/lmr7E-how-to-design-a-statue-of-ares-god-of-war-maya;Design

https://media.education-ecosystem.com/cache/fc/5a/fc5a60a5d6c913bba59289a7f882135c.jpg;How to design & prototype responsive car hire website - Axure;https://www.education-ecosystem.com/barnabasnagy/RdAwn-how-to-design-prototype-responsive-car-hire-website-axure;Design

https://media.education-ecosystem.com/cache/97/02/97025763b9e55a922751731d7c1276e3.jpg;How to master UI design skills using Sketch for a Babysitter directory website;https://www.education-ecosystem.com/barnabasnagy/RaW5v-how-to-master-ui-design-skills-using-sketch-for-a-babysitter-directory;Design

https://media.education-ecosystem.com/cache/57/e8/57e8aa516e3bb159483cd97efa3045ec.jpg;How to make Viking Village with 3ds Max and VRay;https://www.education-ecosystem.com/sanjacvetkovic/lprpo-how-to-make-viking-village-with-3ds-max-and-vray;Design

https://media.education-ecosystem.com/cache/2f/22/2f221fdea9b56ee296d1d7b0d49ef060.jpg;How to Redesign Ethereum website, complete UI/UX guide;https://www.education-ecosystem.com/leila1605/ZB33j-how-to-redesign-ethereum-website-complete-uiux-guide;Design

https://media.education-ecosystem.com/cache/64/4f/644f1508c12d6b71fa4c1ae09b3671dd.jpg;How to design data monitoring dashboard using photoshop;https://www.education-ecosystem.com/leila1605/21v3j-how-to-design-data-monitoring-dashboard-using-photoshop;Design

https://media.education-ecosystem.com/cache/53/13/53132b8d970d8f3a68460f96f8c24f45.jpg;Designing a Smart-meter installation booking microsite with Sketch;https://www.education-ecosystem.com/barnabasnagy/lN7me-designing-a-smart-meter-installation-booking-microsite-with-sketch;Design

https://media.education-ecosystem.com/cache/92/ea/92ea0bddeafe651fd87169ca8546a3d2.jpg;How to design User Interface using Sketch for an online responsive car hire website;https://www.education-ecosystem.com/barnabasnagy/Rrrkx-how-to-design-user-interface-using-sketch-for-an-online-responsive-car;Design

https://media.education-ecosystem.com/cache/7c/81/7c81869217c0124ed91464583565af11.jpg;How to Model NASA Space Station from scratch in Maya;https://www.education-ecosystem.com/solussi/ZWpXX-how-to-model-nasa-space-station-from-scratch-in-maya;Design

https://www.instructables.com/files/deriv/FIF/6H3H/K9R6852P/FIF6H3HK9R6852P.RECTANGLE1.jpg;No Yeast Dinner Rolls;https://www.instructables.com/id/No-Yeast-Dinner-Rolls/;Cooking

https://content.instructables.com/FWK/H65F/K9R4JXGE/FWKH65FK9R4JXGE.MEDIUM.jpg?auto=webp&frame=1&crop=1.2:1&width=306;Soupalicious!;https://www.instructables.com/id/Soupalicious/;Cooking

https://content.instructables.com/FE2/LNZ6/K9R2JIRD/FE2LNZ6K9R2JIRD.MEDIUM.jpg?auto=webp&frame=1&crop=1.2:1&width=306;Cheesecake Without Cheese;https://www.instructables.com/id/Cheesecake-Without-Cheese/;Cooking

https://content.instructables.com/FR6/9SJ3/K9R60YU4/FR69SJ3K9R60YU4.MEDIUM.jpg?auto=webp&frame=1&crop=1.2:1&width=306;FAIL-PROOF White Sandwich Bread (almost No-knead);https://www.instructables.com/id/FAIL-PROOF-White-Sandwich-Bread-almost-No-knead/;Cooking

https://content.instructables.com/F42/P3WK/K9R4IMSY/F42P3WKK9R4IMSY.MEDIUM.jpg?auto=webp&frame=1&crop=1.2:1&width=306;Oriental Style Meatballs (Without Meat)with Soupy Noodles;https://www.instructables.com/id/Oriental-Style-Meatballs-Without-Meatwith-Soupy-No/;Cooking

https://content.instructables.com/F1N/KT1R/K9R4GMZQ/F1NKT1RK9R4GMZQ.MEDIUM.jpg?auto=webp&frame=1&crop=1.2:1&width=306;Baconless Bacon;https://www.instructables.com/id/Baconless-Bacon/;Cooking

https://content.instructables.com/FE4/1HJL/K9R3QEG5/FE41HJLK9R3QEG5.MEDIUM.jpg?auto=webp&frame=1&crop=1.2:1&width=306;PANCAKES WITH A TWIST (Semolina Savoury Pancakes);https://www.instructables.com/id/PANCAKES-WITH-a-TWIST-Semolina-Savoury-Pancakes/;Cooking

https://content.instructables.com/FX7/YX3A/K9R2HYLC/FX7YX3AK9R2HYLC.MEDIUM.jpg?auto=webp&frame=1&crop=1.2:1&width=306;Fluffy Quinoa-Ricotta Zesty Pancakes;https://www.instructables.com/id/Fluffy-Quinoa-Ricotta-Zesty-Pancakes/;Cooking

https://content.instructables.com/F8G/FAH8/K9R639MQ/F8GFAH8K9R639MQ.MEDIUM.jpg?auto=webp&frame=1&crop=1.2:1&width=306;1 Hour Low Sodium Dinner Rolls;https://www.instructables.com/id/1-Hour-Low-Sodium-Dinner-Rolls/;Cooking

https://content.instructables.com/F94/V2B8/K9R4J073/F94V2B8K9R4J073.MEDIUM.jpg?auto=webp&frame=1&crop=1.2:1&width=306;Sesame Garlic Ginger Ramen Noodles Recipe;https://www.instructables.com/id/Sesame-Garlic-Ginger-Ramen-Noodles-Recipe/;Cooking

https://content.instructables.com/FWX/E6CH/K9N92SM3/FWXE6CHK9N92SM3.MEDIUM.jpg?auto=webp&frame=1&crop=1.2:1&width=306;Easy-Cheesy Snacks;https://www.instructables.com/id/Easy-Cheesy-Snacks/;Cooking

https://content.instructables.com/FNN/3I8C/K9R3Q2CY/FNN3I8CK9R3Q2CY.MEDIUM.jpg?auto=webp&frame=1&crop=1.2:1&width=306;Cinnamon-less Cinnamon Rolls;https://www.instructables.com/id/Cinnamon-less-Cinnamon-Rolls/;Cooking

https://content.instructables.com/FI4/XCA3/K9R2JWR3/FI4XCA3K9R2JWR3.MEDIUM.jpg?auto=webp&frame=1&crop=1.2:1&width=306;The Impossible Brownie - a Yummy Alternative (despite No Gluten, Dairy, Raising Agents, Processed Sugar or Oil) to Chocolate Brownies;https://www.instructables.com/id/The-Impossible-Brownie-a-Yummy-Alternative-despite/;Cooking

https://content.instructables.com/FPJ/RKWK/K9N9242J/FPJRKWKK9N9242J.MEDIUM.jpg?auto=webp&frame=1&crop=1.2:1&width=306;Ginger Snaps;https://www.instructables.com/id/Ginger-Snaps/;Cooking

https://content.instructables.com/FGU/8LNR/K9N90DZH/FGU8LNRK9N90DZH.MEDIUM.jpg?auto=webp&frame=1&crop=1.2:1&width=306;15 Minutes Flourless Bread ;https://www.instructables.com/id/15-Minutes-Flourless-Bread/;Cooking

https://content.instructables.com/FM7/CLRC/K9N8Y9F5/FM7CLRCK9N8Y9F5.MEDIUM.jpg?auto=webp&frame=1&crop=1.2:1&width=306;5 Minute Microwave Mac and Cheese;https://www.instructables.com/id/5-Minute-Microwave-Mac-and-Cheese/;Cooking

https://content.instructables.com/FPF/XB10/K9N8Z8AQ/FPFXB10K9N8Z8AQ.MEDIUM.jpg?auto=webp&frame=1&crop=1.2:1&width=306;Something Like Nutella;https://www.instructables.com/id/Something-Like-Nutella/;Cooking

https://content.instructables.com/F2K/PCNG/K9N8YV0R/F2KPCNGK9N8YV0R.MEDIUM.jpg?auto=webp&frame=1&crop=1.2:1&width=306;How to Make Pomegranate Juice;https://www.instructables.com/id/How-to-Cut-and-Open-a-Pomegranate/;Cooking

https://content.instructables.com/FCI/UU0H/K9N8Y7J5/FCIUU0HK9N8Y7J5.MEDIUM.jpg?auto=webp&frame=1&crop=1.2:1&width=306;One Pot Chicken and Rice ;https://www.instructables.com/id/One-Pot-Chicken-and-Rice/;Cooking

https://content.instructables.com/F86/ITED/K9N8Y4H6/F86ITEDK9N8Y4H6.MEDIUM.jpg?auto=webp&frame=1&crop=1.2:1&width=306;Speculoos Tiramisu (alcohol-free);https://www.instructables.com/id/Speculoos-Tiramisu/;Cooking

https://content.instructables.com/FK2/CTLA/K9N8XYWS/FK2CTLAK9N8XYWS.MEDIUM.jpg?auto=webp&frame=1&crop=1.2:1&width=306;Eggless Basbousa;https://www.instructables.com/id/Eggless-Basbousa/;Cooking

https://content.instructables.com/FOX/JHP1/K9N1R261/FOXJHP1K9N1R261.MEDIUM.jpg?auto=webp&frame=1&crop=1.2:1&width=306;Hacked Grilled Cheese & Elevated Tomato Soup;https://www.instructables.com/id/Hacked-Grilled-Cheese-Elevated-Tomato-Soup/;Cooking

https://content.instructables.com/FBW/95SQ/K9K8P8HR/FBW95SQK9K8P8HR.MEDIUM.jpg?auto=webp&frame=1&crop=1.2:1&width=306;Popovers;https://www.instructables.com/id/Popovers/;Cooking

https://content.instructables.com/F17/KLM8/K9K8P858/F17KLM8K9K8P858.MEDIUM.jpg?auto=webp&frame=1&crop=1.2:1&width=306;Lazy Man Buttermilk Bread Recipe | Quick and Easy;https://www.instructables.com/id/Lazy-Man-Buttermilk-Bread-Recipe-Quick-and-Easy/;Cooking

https://content.instructables.com/FMG/G07Q/K9K8JTRP/FMGG07QK9K8JTRP.MEDIUM.jpg?auto=webp&frame=1&crop=1.2:1&width=306;1 Minute* Instant Pot Cauliflower Mashed "Potatoes";https://www.instructables.com/id/Instant-Pot-Cauliflower-Mashed-Potatoes/;Cooking

https://content.instructables.com/FVU/F7OB/K9N1QL92/FVUF7OBK9N1QL92.MEDIUM.jpg?auto=webp&frame=1&crop=1.2:1&width=306;Simple Substitutions Guide for Baking;https://www.instructables.com/id/Simple-Guide-to-Ingredient-Substitutions-for-Bakin/;Cooking

https://content.instructables.com/F20/D0O2/K9K8JKZG/F20D0O2K9K8JKZG.MEDIUM.jpg?auto=webp&frame=1&crop=1.2:1&width=306;Chana Bhatura Without Yeast/baking Powder/baking Soda;https://www.instructables.com/id/Chana-Bhatura-Without-Yeastbaking-Powderbaking-Sod/;Cooking

https://content.instructables.com/FWN/EBID/K9K8MK8P/FWNEBIDK9K8MK8P.MEDIUM.jpg?auto=webp&frame=1&crop=1.2:1&width=306;Chocolate Chip Cookie Dough With No Risk of Food Poisoning;https://www.instructables.com/id/Chocolate-Chip-Cookie-Dough-With-No-Risk-of-Food-P/;Cooking

https://content.instructables.com/F2I/FJOB/K9K8IPJB/F2IFJOBK9K8IPJB.MEDIUM.jpg?auto=webp&frame=1&crop=1.2:1&width=306;Crazy Cake With Raspberry Compote;https://www.instructables.com/id/Crazy-Cake-With-Raspberry-Compote/;Cooking

https://content.instructables.com/F3B/542S/K9K8KSYF/F3B542SK9K8KSYF.MEDIUM.jpg?auto=webp&frame=1&crop=1.2:1&width=306;Soft Flour Tortillas without Shortening : Tortillas Sin Manteca y Rexal;https://www.instructables.com/id/Soft-Flour-Tortillas-Without-Shortening-Tortillas-/;Cooking

https://content.instructables.com/FH6/G696/K9K8KEV2/FH6G696K9K8KEV2.MEDIUM.jpg?auto=webp&frame=1&crop=1.2:1&width=306;Small Batch, Butter-Free Baked Oatmeal;https://www.instructables.com/id/Small-Batch-Butter-Free-Baked-Oatmeal/;Cooking

https://content.instructables.com/FDS/TOM2/K9K8KGRE/FDSTOM2K9K8KGRE.MEDIUM.jpg?auto=webp&frame=1&crop=1.2:1&width=306;Celery, Grape and Apple Salad;https://www.instructables.com/id/Celery-Grape-and-Apple-Salad/;Cooking

https://content.instructables.com/FBO/OSJ4/K9K8J986/FBOOSJ4K9K8J986.MEDIUM.jpg?auto=webp&frame=1&crop=1.2:1&width=306;Salted Caramel Truffles (Using Leftover Chocolate Cake!);https://www.instructables.com/id/Salted-Caramel-Truffles-Using-Leftover-Chocolate-C/;Cooking

https://content.instructables.com/FHK/UYTZ/K9K8JAD2/FHKUYTZK9K8JAD2.MEDIUM.jpg?auto=webp&frame=1&crop=1.2:1&width=306;Golden Coins;https://www.instructables.com/id/Golden-Coins/;Cooking

https://content.instructables.com/F4S/YTKO/K9K8N6AC/F4SYTKOK9K8N6AC.MEDIUM.jpg?auto=webp&frame=1&crop=1.2:1&width=306;Layered Birthday Cake for Your Dog!;https://www.instructables.com/id/Layered-Birthday-Cake-for-Your-Dog/;Cooking

https://content.instructables.com/FC3/PPTL/K9K8H7JI/FC3PPTLK9K8H7JI.MEDIUM.jpg?auto=webp&frame=1&crop=1.2:1&width=306;Bakso Bakwan (Indonesian Meatball Soup);https://www.instructables.com/id/Meatball-Soup-1/;Cooking

https://content.instructables.com/FO3/MBTR/K9K8HJTJ/FO3MBTRK9K8HJTJ.MEDIUM.jpg?auto=webp&frame=1&crop=1.2:1&width=306;Super Fudgy Homemade Brownies!;https://www.instructables.com/id/Super-Fudgy-Homemade-Brownies/;Cooking

https://content.instructables.com/FLA/XYAV/K9K8IQF7/FLAXYAVK9K8IQF7.MEDIUM.jpg?auto=webp&frame=1&crop=1.2:1&width=306;3-Ingredients Milo Spread for Easy Chocolate Malt Bread Pudding;https://www.instructables.com/id/3-Ingredients-Milo-Spread-for-Easy-Chocolate-Malt-/;Cooking

https://content.instructables.com/FDC/XLNJ/K9K8FV0X/FDCXLNJK9K8FV0X.MEDIUM.jpg?auto=webp&frame=1&crop=1.2:1&width=306;Eggless Waffle and Wrapless Wrap: the WRAFFLE ;https://www.instructables.com/id/Eggless-Waffle-and-Wrapless-Wrap-the-WRAFFLE/;Cooking

https://content.instructables.com/FM7/H2TY/K9JIDT79/FM7H2TYK9JIDT79.MEDIUM.jpg?auto=webp&frame=1&crop=1.2:1&width=306;Cedar BBQ Grill Scraper;https://www.instructables.com/id/Cedar-BBQ-Grill-Scraper/;Cooking

https://content.instructables.com/FNX/NLON/K9K8G1MB/FNXNLONK9K8G1MB.MEDIUM.jpg?auto=webp&frame=1&crop=1.2:1&width=306;Butternut Squash Soup - RV Cooking;https://www.instructables.com/id/Butternut-Squash-Soup-RV-Cooking/;Cooking

https://content.instructables.com/FS0/MB2A/K9K8GBL5/FS0MB2AK9K8GBL5.MEDIUM.jpg?auto=webp&frame=1&crop=1.2:1&width=306;Butter Nestum Cereals for Crispy Pork Chops ;https://www.instructables.com/id/Butter-Nestum-Cereals-for-Crispy-Pork-Chops/;Cooking

https://content.instructables.com/FVD/1LGW/K9JN0O92/FVD1LGWK9JN0O92.MEDIUM.jpg?auto=webp&frame=1&crop=1.2:1&width=306;Chocolate Cake Without Flour;https://www.instructables.com/id/No-Microwave-Chocolate-Cake/;Cooking

https://content.instructables.com/F8S/SOF1/K9G9P07J/F8SSOF1K9G9P07J.MEDIUM.jpg?auto=webp&frame=1&crop=1.2:1&width=306;Pineapple Rind Tea Experiment;https://www.instructables.com/id/Pineapple-Rind-Tea-Experiment/;Cooking

https://content.instructables.com/FCH/J2IK/K9G9OVYJ/FCHJ2IKK9G9OVYJ.MEDIUM.jpg?auto=webp&frame=1&crop=1.2:1&width=306;Cloud Bread- 3 Ingredient Gluten Free Bread;https://www.instructables.com/id/Cloud-Bread-3-Ingredient-Gluten-Free-Bread/;Cooking

https://content.instructables.com/F9H/NV7G/K9G9MNIT/F9HNV7GK9G9MNIT.MEDIUM.jpg?auto=webp&frame=1&crop=1.2:1&width=306;Kitchen Cabinet Cookie Bars Using Mashed Potatoes;https://www.instructables.com/id/Kitchen-Cabinet-Cookie-Bars-Using-Mashed-Potatoes/;Cooking

https://content.instructables.com/F3A/EC49/K9G9LHKI/F3AEC49K9G9LHKI.MEDIUM.jpg?auto=webp&frame=1&crop=1.2:1&width=306;Baked Tuna Patties;https://www.instructables.com/id/Baked-Tuna-Patties/;Cooking

https://content.instructables.com/FSX/IXRH/K9G9K66S/FSXIXRHK9G9K66S.MEDIUM.jpg?auto=webp&frame=1&crop=1.2:1&width=306;Make a CHARCOAL CHIMNEY;https://www.instructables.com/id/Make-a-CHARCOAL-CHIMNEY/;Cooking

https://content.instructables.com/F43/GGSE/K9G9LH1T/F43GGSEK9G9LH1T.MEDIUM.jpg?auto=webp&frame=1&crop=1.2:1&width=306;Edible Chocolate Chip Cookie Dough ;https://www.instructables.com/id/Edible-Chocolate-Chip-Cookie-Dough/;Cooking

https://content.instructables.com/FTD/B2BC/K9G9HRNN/FTDB2BCK9G9HRNN.MEDIUM.jpg?auto=webp&frame=1&crop=1.2:1&width=306;How to Make Pizza Scones;https://www.instructables.com/id/How-to-Make-Pizza-Scones/;Cooking

https://content.instructables.com/F8B/8QNF/K9G9F0V2/F8B8QNFK9G9F0V2.MEDIUM.jpg?auto=webp&frame=1&crop=1.2:1&width=306;Hokkaido Milk Bread;https://www.instructables.com/id/Hokkaido-Milk-Bread/;Cooking

https://content.instructables.com/FBJ/V2JP/K9G9IY57/FBJV2JPK9G9IY57.MEDIUM.jpg?auto=webp&frame=1&crop=1.2:1&width=306;Edible Chickpea Cookie Dough (Gluten Free);https://www.instructables.com/id/Edible-Chickpea-Cookie-Dough-Gluten-Free/;Cooking

https://content.instructables.com/F1V/8FC2/K9G9G83Q/F1V8FC2K9G9G83Q.MEDIUM.jpg?auto=webp&frame=1&crop=1.2:1&width=306;Crispy and Spicy VEGAN Meat Balls;https://www.instructables.com/id/Crispy-and-Spicy-VEGAN-Meat-Balls/;Cooking

https://content.instructables.com/FJB/RVTW/K9G9K2CR/FJBRVTWK9G9K2CR.MEDIUM.jpg?auto=webp&frame=1&crop=1.2:1&width=306;Instant Appam Recipe;https://www.instructables.com/id/Instant-Appam-Recipe/;Cooking

https://www.instructables.com/files/deriv/FNO/AK0B/K9GAE35X/FNOAK0BK9GAE35X.RECTANGLE1.jpg;Sweet Meringue Sticks;https://www.instructables.com/id/Sweet-Meringue-Sticks/;Cooking

https://content.instructables.com/F68/MTUQ/K9D1TZ1Q/F68MTUQK9D1TZ1Q.MEDIUM.jpg?auto=webp&frame=1&crop=1.2:1&width=306;Flour Free Chocolate Cake;https://www.instructables.com/id/Flour-Free-Chocolate-Cake/;Cooking

https://content.instructables.com/FOL/PL04/K9D1SRKE/FOLPL04K9D1SRKE.MEDIUM.jpg?auto=webp&frame=1&crop=1.2:1&width=306;Eggless Veg Omelette & Bread Toast;https://www.instructables.com/id/Eggless-Veg-Omelette-Bread-Toast/;Cooking

https://content.instructables.com/FAK/LJDV/K9D1QTT7/FAKLJDVK9D1QTT7.MEDIUM.jpg?auto=webp&frame=1&crop=1.2:1&width=306;Eggless Cupcake - Vegan Marshmallow - Cream Less Ice Cream;https://www.instructables.com/id/Eggless-Cupcake-Vegan-Marshmallow-Cream-Less-Ice-C/;Cooking

https://content.instructables.com/FB0/CDUN/K9D1QZZU/FB0CDUNK9D1QZZU.MEDIUM.jpg?auto=webp&frame=1&crop=1.2:1&width=306;3-Ingredient Mango Mousse ;https://www.instructables.com/id/3-Ingredient-Mango-Mousse/;Cooking

https://upload.wikimedia.org/wikipedia/commons/thumb/3/3b/Udacity_logo.png/800px-Udacity_logo.png;Intel® Edge AI Fundamentals with OpenVINO™;https://www.udacity.com/course/intel-edge-AI-fundamentals-with-openvino--ud132;Computer science

https://upload.wikimedia.org/wikipedia/commons/thumb/3/3b/Udacity_logo.png/800px-Udacity_logo.png;Product Manager Interview Preparation;https://www.udacity.com/course/product-manager-interview-preparation--ud034;Computer science

https://upload.wikimedia.org/wikipedia/commons/thumb/3/3b/Udacity_logo.png/800px-Udacity_logo.png;Managing Remote Teams with Upwork;https://www.udacity.com/course/managing-remote-teams-with-upwork--ud942;Computer science

https://upload.wikimedia.org/wikipedia/commons/thumb/3/3b/Udacity_logo.png/800px-Udacity_logo.png;Self-Driving Fundamentals: Featuring Apollo ;https://www.udacity.com/course/self-driving-car-fundamentals-featuring-apollo--ud0419;Computer science

https://upload.wikimedia.org/wikipedia/commons/thumb/3/3b/Udacity_logo.png/800px-Udacity_logo.png;AWS DeepRacer;https://www.udacity.com/course/aws-deepracer--ud014;Computer science

https://upload.wikimedia.org/wikipedia/commons/thumb/3/3b/Udacity_logo.png/800px-Udacity_logo.png;Spark;https://www.udacity.com/course/learn-spark-at-udacity--ud2002;Computer science

https://upload.wikimedia.org/wikipedia/commons/thumb/3/3b/Udacity_logo.png/800px-Udacity_logo.png;Tales from the Genome;https://www.udacity.com/course/tales-from-the-genome--bio110;Computer science

https://upload.wikimedia.org/wikipedia/commons/thumb/3/3b/Udacity_logo.png/800px-Udacity_logo.png;Design of Computer Programs;https://www.udacity.com/course/design-of-computer-programs--cs212;Computer science

https://upload.wikimedia.org/wikipedia/commons/thumb/3/3b/Udacity_logo.png/800px-Udacity_logo.png;Intro to Algorithms;https://www.udacity.com/course/intro-to-algorithms--cs215;Computer science

https://upload.wikimedia.org/wikipedia/commons/thumb/3/3b/Udacity_logo.png/800px-Udacity_logo.png;Differential Equations in Action;https://www.udacity.com/course/differential-equations-in-action--cs222;Computer science

https://upload.wikimedia.org/wikipedia/commons/thumb/3/3b/Udacity_logo.png/800px-Udacity_logo.png;Software Testing;https://www.udacity.com/course/software-testing--cs258;Computer science

https://upload.wikimedia.org/wikipedia/commons/thumb/3/3b/Udacity_logo.png/800px-Udacity_logo.png;Software Debugging;https://www.udacity.com/course/software-debugging--cs259;Computer science

https://upload.wikimedia.org/wikipedia/commons/thumb/3/3b/Udacity_logo.png/800px-Udacity_logo.png;Programming Languages;https://www.udacity.com/course/programming-languages--cs262;Computer science

https://upload.wikimedia.org/wikipedia/commons/thumb/3/3b/Udacity_logo.png/800px-Udacity_logo.png;Intro to Artificial Intelligence;https://www.udacity.com/course/intro-to-artificial-intelligence--cs271;Computer science

https://upload.wikimedia.org/wikipedia/commons/thumb/3/3b/Udacity_logo.png/800px-Udacity_logo.png;Interactive 3D Graphics;https://www.udacity.com/course/interactive-3d-graphics--cs291;Computer science

https://upload.wikimedia.org/wikipedia/commons/thumb/3/3b/Udacity_logo.png/800px-Udacity_logo.png;Intro to Theoretical Computer Science;https://www.udacity.com/course/intro-to-theoretical-computer-science--cs313;Computer science

https://upload.wikimedia.org/wikipedia/commons/thumb/3/3b/Udacity_logo.png/800px-Udacity_logo.png;Artificial Intelligence for Robotics;https://www.udacity.com/course/artificial-intelligence-for-robotics--cs373;Computer science

https://upload.wikimedia.org/wikipedia/commons/thumb/3/3b/Udacity_logo.png/800px-Udacity_logo.png;Applied Cryptography;https://www.udacity.com/course/applied-cryptography--cs387;Computer science

https://upload.wikimedia.org/wikipedia/commons/thumb/3/3b/Udacity_logo.png/800px-Udacity_logo.png;Intro to the Design of Everyday Things;https://www.udacity.com/course/intro-to-the-design-of-everyday-things--design101;Computer science

https://upload.wikimedia.org/wikipedia/commons/thumb/3/3b/Udacity_logo.png/800px-Udacity_logo.png;How to Build a Startup;https://www.udacity.com/course/how-to-build-a-startup--ep245;Computer science

https://upload.wikimedia.org/wikipedia/commons/thumb/3/3b/Udacity_logo.png/800px-Udacity_logo.png;OMSCS Student Orientation;https://www.udacity.com/course/omscs-student-orientation--gt101;Computer science

https://upload.wikimedia.org/wikipedia/commons/thumb/3/3b/Udacity_logo.png/800px-Udacity_logo.png;Intro to Physics;https://www.udacity.com/course/intro-to-physics--ph100;Computer science

https://upload.wikimedia.org/wikipedia/commons/thumb/3/3b/Udacity_logo.png/800px-Udacity_logo.png;Intro to Psychology;https://www.udacity.com/course/intro-to-psychology--ps001;Computer science

https://upload.wikimedia.org/wikipedia/commons/thumb/3/3b/Udacity_logo.png/800px-Udacity_logo.png;Statistics;https://www.udacity.com/course/statistics--st095;Computer science

https://upload.wikimedia.org/wikipedia/commons/thumb/3/3b/Udacity_logo.png/800px-Udacity_logo.png;Intro to Statistics;https://www.udacity.com/course/intro-to-statistics--st101;Computer science

https://upload.wikimedia.org/wikipedia/commons/thumb/3/3b/Udacity_logo.png/800px-Udacity_logo.png;Intro to HTML and CSS;https://www.udacity.com/course/intro-to-html-and-css--ud001;Computer science

https://upload.wikimedia.org/wikipedia/commons/thumb/3/3b/Udacity_logo.png/800px-Udacity_logo.png;High Performance Computer Architecture;https://www.udacity.com/course/high-performance-computer-architecture--ud007;Computer science

https://upload.wikimedia.org/wikipedia/commons/thumb/3/3b/Udacity_logo.png/800px-Udacity_logo.png;Data Wrangling with MongoDB;https://www.udacity.com/course/data-wrangling-with-mongodb--ud032;Computer science

https://upload.wikimedia.org/wikipedia/commons/thumb/3/3b/Udacity_logo.png/800px-Udacity_logo.png;Firebase in a Weekend: iOS;https://www.udacity.com/course/firebase-in-a-weekend-by-google-ios--ud0351;Computer science

https://upload.wikimedia.org/wikipedia/commons/thumb/3/3b/Udacity_logo.png/800px-Udacity_logo.png;Firebase in a Weekend: Android;https://www.udacity.com/course/firebase-in-a-weekend-by-google-android--ud0352;Computer science

https://upload.wikimedia.org/wikipedia/commons/thumb/3/3b/Udacity_logo.png/800px-Udacity_logo.png;Computability, Complexity & Algorithms;https://www.udacity.com/course/computability-complexity-algorithms--ud061;Computer science

https://upload.wikimedia.org/wikipedia/commons/thumb/3/3b/Udacity_logo.png/800px-Udacity_logo.png;Full Stack Foundations;https://www.udacity.com/course/full-stack-foundations--ud088;Computer science

https://upload.wikimedia.org/wikipedia/commons/thumb/3/3b/Udacity_logo.png/800px-Udacity_logo.png;GT - Refresher - Advanced OS;https://www.udacity.com/course/gt-refresher-advanced-os--ud098;Computer science

https://upload.wikimedia.org/wikipedia/commons/thumb/3/3b/Udacity_logo.png/800px-Udacity_logo.png;Machine Learning Interview Preparation;https://www.udacity.com/course/machine-learning-interview-prep--ud1001;Computer science

https://upload.wikimedia.org/wikipedia/commons/thumb/3/3b/Udacity_logo.png/800px-Udacity_logo.png;Deploying a Hadoop Cluster;https://www.udacity.com/course/deploying-a-hadoop-cluster--ud1000;Computer science

https://upload.wikimedia.org/wikipedia/commons/thumb/3/3b/Udacity_logo.png/800px-Udacity_logo.png;Data Visualization in Tableau;https://www.udacity.com/course/data-visualization-in-tableau--ud1006;Computer science

https://upload.wikimedia.org/wikipedia/commons/thumb/3/3b/Udacity_logo.png/800px-Udacity_logo.png;Objective-C for Swift Developers;https://www.udacity.com/course/objective-c-for-swift-developers--ud1009;Computer science

https://upload.wikimedia.org/wikipedia/commons/thumb/3/3b/Udacity_logo.png/800px-Udacity_logo.png;Data Structures & Algorithms in Swift;https://www.udacity.com/course/data-structures-and-algorithms-in-swift--ud1011;Computer science

https://upload.wikimedia.org/wikipedia/commons/thumb/3/3b/Udacity_logo.png/800px-Udacity_logo.png;Introduction to Virtual Reality;https://www.udacity.com/course/introduction-to-virtual-reality--ud1012;Computer science

https://upload.wikimedia.org/wikipedia/commons/thumb/3/3b/Udacity_logo.png/800px-Udacity_logo.png;VR Scenes and Objects;https://www.udacity.com/course/vr-scenes-and-objects--ud1013;Computer science

https://upload.wikimedia.org/wikipedia/commons/thumb/3/3b/Udacity_logo.png/800px-Udacity_logo.png;VR Software Development;https://www.udacity.com/course/vr-software-development--ud1014;Computer science

https://upload.wikimedia.org/wikipedia/commons/thumb/3/3b/Udacity_logo.png/800px-Udacity_logo.png;Swift for Beginners;https://www.udacity.com/course/swift-for-beginners--ud1022;Computer science

https://upload.wikimedia.org/wikipedia/commons/thumb/3/3b/Udacity_logo.png/800px-Udacity_logo.png;Swift for Developers;https://www.udacity.com/course/swift-for-developers--ud1025;Computer science

https://upload.wikimedia.org/wikipedia/commons/thumb/3/3b/Udacity_logo.png/800px-Udacity_logo.png;AutoLayout;https://www.udacity.com/course/auto-layout--ud1026;Computer science

https://upload.wikimedia.org/wikipedia/commons/thumb/3/3b/Udacity_logo.png/800px-Udacity_logo.png;Passwordless Login Solutions for iOS;https://www.udacity.com/course/passwordless-login-solutions-for-ios--ud1028;Computer science

https://upload.wikimedia.org/wikipedia/commons/thumb/3/3b/Udacity_logo.png/800px-Udacity_logo.png;Server-Side Swift;https://www.udacity.com/course/server-side-swift--ud1031;Computer science

https://upload.wikimedia.org/wikipedia/commons/thumb/3/3b/Udacity_logo.png/800px-Udacity_logo.png;Mobile Design and Usability for iOS;https://www.udacity.com/course/mobile-design-and-usability-for-ios--ud1034;Computer science

https://upload.wikimedia.org/wikipedia/commons/thumb/3/3b/Udacity_logo.png/800px-Udacity_logo.png;Core ML: Machine Learning for iOS;https://www.udacity.com/course/core-ml--ud1038;Computer science

https://upload.wikimedia.org/wikipedia/commons/thumb/3/3b/Udacity_logo.png/800px-Udacity_logo.png;Eigenvectors and Eigenvalues;https://www.udacity.com/course/eigenvectors-and-eigenvalues--ud104;Computer science

https://upload.wikimedia.org/wikipedia/commons/thumb/3/3b/Udacity_logo.png/800px-Udacity_logo.png;Asynchronous JavaScript Requests;https://www.udacity.com/course/asynchronous-javascript-requests--ud109;Computer science

https://upload.wikimedia.org/wikipedia/commons/thumb/3/3b/Udacity_logo.png/800px-Udacity_logo.png;Intro to AJAX;https://www.udacity.com/course/intro-to-ajax--ud110;Computer science

https://upload.wikimedia.org/wikipedia/commons/thumb/3/3b/Udacity_logo.png/800px-Udacity_logo.png;Learn ARKit using Unity;https://www.udacity.com/course/learn-arkit-using-unity--ud114;Computer science

https://upload.wikimedia.org/wikipedia/commons/thumb/3/3b/Udacity_logo.png/800px-Udacity_logo.png;Learn ARKit using Swift;https://www.udacity.com/course/learn-arkit-using-swift--ud116;Computer science

https://upload.wikimedia.org/wikipedia/commons/thumb/3/3b/Udacity_logo.png/800px-Udacity_logo.png;Introduction to Python Programming;https://www.udacity.com/course/introduction-to-python--ud1110;Computer science

https://upload.wikimedia.org/wikipedia/commons/thumb/3/3b/Udacity_logo.png/800px-Udacity_logo.png;JavaScript and the DOM;https://www.udacity.com/course/javascript-and-the-dom--ud117;Computer science

https://upload.wikimedia.org/wikipedia/commons/thumb/3/3b/Udacity_logo.png/800px-Udacity_logo.png;Introduction to Machine Learning Course;https://www.udacity.com/course/intro-to-machine-learning--ud120;Computer science

https://upload.wikimedia.org/wikipedia/commons/thumb/3/3b/Udacity_logo.png/800px-Udacity_logo.png;Version Control with Git;https://www.udacity.com/course/version-control-with-git--ud123;Computer science

https://upload.wikimedia.org/wikipedia/commons/thumb/3/3b/Udacity_logo.png/800px-Udacity_logo.png;Introduction to Cybersecurity;https://www.udacity.com/course/introduction-to-cybersecurity--ud1337;Computer science

https://upload.wikimedia.org/wikipedia/commons/thumb/3/3b/Udacity_logo.png/800px-Udacity_logo.png;Database Systems Concepts & Design;https://www.udacity.com/course/database-systems-concepts-design--ud150;Computer science

https://upload.wikimedia.org/wikipedia/commons/thumb/3/3b/Udacity_logo.png/800px-Udacity_logo.png;Intro to Point & Click App Development;https://www.udacity.com/course/intro-to-point-click-app-development--ud162;Computer science

https://upload.wikimedia.org/wikipedia/commons/thumb/3/3b/Udacity_logo.png/800px-Udacity_logo.png;Compilers: Theory and Practice;https://www.udacity.com/course/compilers-theory-and-practice--ud168;Computer science

https://upload.wikimedia.org/wikipedia/commons/thumb/3/3b/Udacity_logo.png/800px-Udacity_logo.png;Embedded Systems;https://www.udacity.com/course/embedded-systems--ud169;Computer science

https://upload.wikimedia.org/wikipedia/commons/thumb/3/3b/Udacity_logo.png/800px-Udacity_logo.png;Intro to Data Analysis;https://www.udacity.com/course/intro-to-data-analysis--ud170;Computer science

https://upload.wikimedia.org/wikipedia/commons/thumb/3/3b/Udacity_logo.png/800px-Udacity_logo.png;Intro to Backend;https://www.udacity.com/course/intro-to-backend--ud171;Computer science

https://upload.wikimedia.org/wikipedia/commons/thumb/3/3b/Udacity_logo.png/800px-Udacity_logo.png;Secure and Private AI;https://www.udacity.com/course/secure-and-private-ai--ud185;Computer science

https://upload.wikimedia.org/wikipedia/commons/thumb/3/3b/Udacity_logo.png/800px-Udacity_logo.png;Introduction to TensorFlow Lite;https://www.udacity.com/course/intro-to-tensorflow-lite--ud190;Computer science

https://upload.wikimedia.org/wikipedia/commons/thumb/3/3b/Udacity_logo.png/800px-Udacity_logo.png;Intro to TensorFlow for Deep Learning;https://www.udacity.com/course/intro-to-tensorflow-for-deep-learning--ud187;Computer science

https://upload.wikimedia.org/wikipedia/commons/thumb/3/3b/Udacity_logo.png/800px-Udacity_logo.png;Intro to Deep Learning with PyTorch;https://www.udacity.com/course/deep-learning-pytorch--ud188;Computer science

https://upload.wikimedia.org/wikipedia/commons/thumb/3/3b/Udacity_logo.png/800px-Udacity_logo.png;WeChat Mini Program Development;https://www.udacity.com/course/wechat-mini-programs--ud667;Computer science

https://upload.wikimedia.org/wikipedia/commons/thumb/3/3b/Udacity_logo.png/800px-Udacity_logo.png;Advanced Operating Systems;https://www.udacity.com/course/advanced-operating-systems--ud189;Computer science

https://upload.wikimedia.org/wikipedia/commons/thumb/3/3b/Udacity_logo.png/800px-Udacity_logo.png;Intro to Relational Databases;https://www.udacity.com/course/intro-to-relational-databases--ud197;Computer science

https://upload.wikimedia.org/wikipedia/commons/thumb/3/3b/Udacity_logo.png/800px-Udacity_logo.png;SQL for Data Analysis;https://www.udacity.com/course/sql-for-data-analysis--ud198;Computer science

https://upload.wikimedia.org/wikipedia/commons/thumb/3/3b/Udacity_logo.png/800px-Udacity_logo.png;Network Security;https://www.udacity.com/course/network-security--ud199;Computer science

https://upload.wikimedia.org/wikipedia/commons/thumb/3/3b/Udacity_logo.png/800px-Udacity_logo.png;Intro to Inferential Statistics;https://www.udacity.com/course/intro-to-inferential-statistics--ud201;Computer science

https://upload.wikimedia.org/wikipedia/commons/thumb/3/3b/Udacity_logo.png/800px-Udacity_logo.png;Shell Workshop;https://www.udacity.com/course/shell-workshop--ud206;Computer science

https://upload.wikimedia.org/wikipedia/commons/thumb/3/3b/Udacity_logo.png/800px-Udacity_logo.png;C++ For Programmers;https://www.udacity.com/course/c-for-programmers--ud210;Computer science

https://upload.wikimedia.org/wikipedia/commons/thumb/3/3b/Udacity_logo.png/800px-Udacity_logo.png;iOS Interview Prep;https://www.udacity.com/course/ios-interview-prep--ud240;Computer science

https://upload.wikimedia.org/wikipedia/commons/thumb/3/3b/Udacity_logo.png/800px-Udacity_logo.png;Android Interview Prep;https://www.udacity.com/course/android-interview-prep--ud241;Computer science

https://upload.wikimedia.org/wikipedia/commons/thumb/3/3b/Udacity_logo.png/800px-Udacity_logo.png;Strengthen Your LinkedIn Network & Brand;https://www.udacity.com/course/strengthen-your-linkedin-network-and-brand--ud242;Computer science

https://upload.wikimedia.org/wikipedia/commons/thumb/3/3b/Udacity_logo.png/800px-Udacity_logo.png;Refresh Your Resume;https://www.udacity.com/course/refresh-your-resume--ud243;Computer science

https://upload.wikimedia.org/wikipedia/commons/thumb/3/3b/Udacity_logo.png/800px-Udacity_logo.png;Craft Your Cover Letter;https://www.udacity.com/course/craft-your-cover-letter--ud244;Computer science

https://upload.wikimedia.org/wikipedia/commons/thumb/3/3b/Udacity_logo.png/800px-Udacity_logo.png;Intro to jQuery;https://www.udacity.com/course/intro-to-jquery--ud245;Computer science

https://upload.wikimedia.org/wikipedia/commons/thumb/3/3b/Udacity_logo.png/800px-Udacity_logo.png;Front-End Interview Prep;https://www.udacity.com/course/front-end-interview-prep--ud250;Computer science

https://upload.wikimedia.org/wikipedia/commons/thumb/3/3b/Udacity_logo.png/800px-Udacity_logo.png;VR Interview Prep;https://www.udacity.com/course/vr-interview-prep--ud251;Computer science

https://upload.wikimedia.org/wikipedia/commons/thumb/3/3b/Udacity_logo.png/800px-Udacity_logo.png;Full-Stack Interview Prep;https://www.udacity.com/course/full-stack-interview-prep--ud252;Computer science

https://upload.wikimedia.org/wikipedia/commons/thumb/3/3b/Udacity_logo.png/800px-Udacity_logo.png;Networking for Web Developers;https://www.udacity.com/course/networking-for-web-developers--ud256;Computer science

https://upload.wikimedia.org/wikipedia/commons/thumb/3/3b/Udacity_logo.png/800px-Udacity_logo.png;A/B Testing;https://www.udacity.com/course/ab-testing--ud257;Computer science

https://upload.wikimedia.org/wikipedia/commons/thumb/3/3b/Udacity_logo.png/800px-Udacity_logo.png;Machine Learning;https://www.udacity.com/course/machine-learning--ud262;Computer science

https://upload.wikimedia.org/wikipedia/commons/thumb/3/3b/Udacity_logo.png/800px-Udacity_logo.png;Dynamic Web Applications with Sinatra;https://www.udacity.com/course/dynamic-web-applications-with-sinatra--ud268;Computer science

https://upload.wikimedia.org/wikipedia/commons/thumb/3/3b/Udacity_logo.png/800px-Udacity_logo.png;The MVC Pattern in Ruby;https://www.udacity.com/course/the-mvc-pattern-in-ruby--ud270;Computer science

https://upload.wikimedia.org/wikipedia/commons/thumb/3/3b/Udacity_logo.png/800px-Udacity_logo.png;Deploying Applications with Heroku;https://www.udacity.com/course/deploying-applications-with-heroku--ud272;Computer science

https://upload.wikimedia.org/wikipedia/commons/thumb/3/3b/Udacity_logo.png/800px-Udacity_logo.png;Cyber-Physical Systems Security;https://www.udacity.com/course/cyber-physical-systems-security--ud279;Computer science

https://upload.wikimedia.org/wikipedia/commons/thumb/3/3b/Udacity_logo.png/800px-Udacity_logo.png;High Performance Computing;https://www.udacity.com/course/high-performance-computing--ud281;Computer science

https://upload.wikimedia.org/wikipedia/commons/thumb/3/3b/Udacity_logo.png/800px-Udacity_logo.png;Java Programming Basics;https://www.udacity.com/course/java-programming-basics--ud282;Computer science

https://upload.wikimedia.org/wikipedia/commons/thumb/3/3b/Udacity_logo.png/800px-Udacity_logo.png;Object Oriented Programming in Java;https://www.udacity.com/course/object-oriented-programming-in-java--ud283;Computer science

https://upload.wikimedia.org/wikipedia/commons/thumb/3/3b/Udacity_logo.png/800px-Udacity_logo.png;HTML5 Canvas;https://www.udacity.com/course/html5-canvas--ud292;Computer science

https://upload.wikimedia.org/wikipedia/commons/thumb/3/3b/Udacity_logo.png/800px-Udacity_logo.png;Configuring Linux Web Servers;https://www.udacity.com/course/configuring-linux-web-servers--ud299;Computer science

https://upload.wikimedia.org/wikipedia/commons/thumb/3/3b/Udacity_logo.png/800px-Udacity_logo.png;HTTP & Web Servers;https://www.udacity.com/course/http-web-servers--ud303;Computer science

https://upload.wikimedia.org/wikipedia/commons/thumb/3/3b/Udacity_logo.png/800px-Udacity_logo.png;iOS Persistence and Core Data;https://www.udacity.com/course/ios-persistence-and-core-data--ud325;Computer science

https://upload.wikimedia.org/wikipedia/commons/thumb/3/3b/Udacity_logo.png/800px-Udacity_logo.png;Authentication & Authorization: OAuth;https://www.udacity.com/course/authentication-authorization-oauth--ud330;Computer science

https://upload.wikimedia.org/wikipedia/commons/thumb/3/3b/Udacity_logo.png/800px-Udacity_logo.png;Software Analysis & Testing;https://www.udacity.com/course/software-analysis-testing--ud333;Computer science

https://upload.wikimedia.org/wikipedia/commons/thumb/3/3b/Udacity_logo.png/800px-Udacity_logo.png;Firebase Analytics: iOS;https://www.udacity.com/course/firebase-analytics-ios--ud353;Computer science

https://upload.wikimedia.org/wikipedia/commons/thumb/3/3b/Udacity_logo.png/800px-Udacity_logo.png;Firebase Analytics: Android;https://www.udacity.com/course/firebase-analytics-android--ud354;Computer science

https://upload.wikimedia.org/wikipedia/commons/thumb/3/3b/Udacity_logo.png/800px-Udacity_logo.png;ES6 - JavaScript Improved;https://www.udacity.com/course/es6-javascript-improved--ud356;Computer science

https://upload.wikimedia.org/wikipedia/commons/thumb/3/3b/Udacity_logo.png/800px-Udacity_logo.png;Passwordless Login Solutions for Android;https://www.udacity.com/course/passwordless-login-solutions-for-android--ud357;Computer science

https://upload.wikimedia.org/wikipedia/commons/thumb/3/3b/Udacity_logo.png/800px-Udacity_logo.png;Mobile Design and Usability for Android;https://www.udacity.com/course/mobile-design-and-usability-for-android--ud358;Computer science

https://upload.wikimedia.org/wikipedia/commons/thumb/3/3b/Udacity_logo.png/800px-Udacity_logo.png;Intro to Data Science;https://www.udacity.com/course/intro-to-data-science--ud359;Computer science

https://upload.wikimedia.org/wikipedia/commons/thumb/3/3b/Udacity_logo.png/800px-Udacity_logo.png;Real-Time Analytics with Apache Storm;https://www.udacity.com/course/real-time-analytics-with-apache-storm--ud381;Computer science

https://upload.wikimedia.org/wikipedia/commons/thumb/3/3b/Udacity_logo.png/800px-Udacity_logo.png;Designing RESTful APIs;https://www.udacity.com/course/designing-restful-apis--ud388;Computer science

https://upload.wikimedia.org/wikipedia/commons/thumb/3/3b/Udacity_logo.png/800px-Udacity_logo.png;Human-Computer Interaction;https://www.udacity.com/course/human-computer-interaction--ud400;Computer science

https://upload.wikimedia.org/wikipedia/commons/thumb/3/3b/Udacity_logo.png/800px-Udacity_logo.png;Introduction to Graduate Algorithms;https://www.udacity.com/course/introduction-to-graduate-algorithms--ud401;Computer science

https://upload.wikimedia.org/wikipedia/commons/thumb/3/3b/Udacity_logo.png/800px-Udacity_logo.png;Data Analysis and Visualization;https://www.udacity.com/course/data-analysis-and-visualization--ud404;Computer science

https://upload.wikimedia.org/wikipedia/commons/thumb/3/3b/Udacity_logo.png/800px-Udacity_logo.png;2D Game Development with libGDX;https://www.udacity.com/course/2d-game-development-with-libgdx--ud405;Computer science

https://upload.wikimedia.org/wikipedia/commons/thumb/3/3b/Udacity_logo.png/800px-Udacity_logo.png;How to Make a Platformer Using libGDX;https://www.udacity.com/course/how-to-make-a-platformer-using-libgdx--ud406;Computer science

https://upload.wikimedia.org/wikipedia/commons/thumb/3/3b/Udacity_logo.png/800px-Udacity_logo.png;Engagement & Monetization | Mobile Games;https://www.udacity.com/course/engagement-monetization-mobile-games--ud407;Computer science

https://upload.wikimedia.org/wikipedia/commons/thumb/3/3b/Udacity_logo.png/800px-Udacity_logo.png;Knowledge-Based AI: Cognitive Systems;https://www.udacity.com/course/knowledge-based-ai-cognitive-systems--ud409;Computer science

https://upload.wikimedia.org/wikipedia/commons/thumb/3/3b/Udacity_logo.png/800px-Udacity_logo.png;iOS Networking with Swift;https://www.udacity.com/course/ios-networking-with-swift--ud421;Computer science

https://upload.wikimedia.org/wikipedia/commons/thumb/3/3b/Udacity_logo.png/800px-Udacity_logo.png;Computer Networking;https://www.udacity.com/course/computer-networking--ud436;Computer science

https://upload.wikimedia.org/wikipedia/commons/thumb/3/3b/Udacity_logo.png/800px-Udacity_logo.png;Intro to Information Security;https://www.udacity.com/course/intro-to-information-security--ud459;Computer science

https://upload.wikimedia.org/wikipedia/commons/thumb/3/3b/Udacity_logo.png/800px-Udacity_logo.png;Machine Learning for Trading;https://www.udacity.com/course/machine-learning-for-trading--ud501;Computer science

https://upload.wikimedia.org/wikipedia/commons/thumb/3/3b/Udacity_logo.png/800px-Udacity_logo.png;Data Visualization and D3.js;https://www.udacity.com/course/data-visualization-and-d3js--ud507;Computer science

https://upload.wikimedia.org/wikipedia/commons/thumb/3/3b/Udacity_logo.png/800px-Udacity_logo.png;Product Design;https://www.udacity.com/course/product-design--ud509;Computer science

https://upload.wikimedia.org/wikipedia/commons/thumb/3/3b/Udacity_logo.png/800px-Udacity_logo.png;Intro to Data Structures and Algorithms;https://www.udacity.com/course/data-structures-and-algorithms-in-python--ud513;Computer science

https://upload.wikimedia.org/wikipedia/commons/thumb/3/3b/Udacity_logo.png/800px-Udacity_logo.png;App Monetization;https://www.udacity.com/course/app-monetization--ud518;Computer science

https://upload.wikimedia.org/wikipedia/commons/thumb/3/3b/Udacity_logo.png/800px-Udacity_logo.png;JavaScript Testing;https://www.udacity.com/course/javascript-testing--ud549;Computer science

https://upload.wikimedia.org/wikipedia/commons/thumb/3/3b/Udacity_logo.png/800px-Udacity_logo.png;Grand Central Dispatch (GCD);https://www.udacity.com/course/grand-central-dispatch-gcd--ud576;Computer science

https://upload.wikimedia.org/wikipedia/commons/thumb/3/3b/Udacity_logo.png/800px-Udacity_logo.png;Intro to iOS App Development with Swift;https://www.udacity.com/course/intro-to-ios-app-development-with-swift--ud585;Computer science

https://upload.wikimedia.org/wikipedia/commons/thumb/3/3b/Udacity_logo.png/800px-Udacity_logo.png;Linux Command Line Basics;https://www.udacity.com/course/linux-command-line-basics--ud595;Computer science

https://upload.wikimedia.org/wikipedia/commons/thumb/3/3b/Udacity_logo.png/800px-Udacity_logo.png;Reinforcement Learning;https://www.udacity.com/course/reinforcement-learning--ud600;Computer science

https://upload.wikimedia.org/wikipedia/commons/thumb/3/3b/Udacity_logo.png/800px-Udacity_logo.png;How to Make an iOS App;https://www.udacity.com/course/how-to-make-an-ios-app--ud607;Computer science

https://upload.wikimedia.org/wikipedia/commons/thumb/3/3b/Udacity_logo.png/800px-Udacity_logo.png;Localization Essentials;https://www.udacity.com/course/localization-essentials--ud610;Computer science

https://upload.wikimedia.org/wikipedia/commons/thumb/3/3b/Udacity_logo.png/800px-Udacity_logo.png;Intro to DevOps;https://www.udacity.com/course/intro-to-devops--ud611;Computer science

https://upload.wikimedia.org/wikipedia/commons/thumb/3/3b/Udacity_logo.png/800px-Udacity_logo.png;Scalable Microservices with Kubernetes;https://www.udacity.com/course/scalable-microservices-with-kubernetes--ud615;Computer science

https://upload.wikimedia.org/wikipedia/commons/thumb/3/3b/Udacity_logo.png/800px-Udacity_logo.png;Intro to Hadoop and MapReduce;https://www.udacity.com/course/intro-to-hadoop-and-mapreduce--ud617;Computer science

https://upload.wikimedia.org/wikipedia/commons/thumb/3/3b/Udacity_logo.png/800px-Udacity_logo.png;Data Analysis with R;https://www.udacity.com/course/data-analysis-with-r--ud651;Computer science

https://upload.wikimedia.org/wikipedia/commons/thumb/3/3b/Udacity_logo.png/800px-Udacity_logo.png;Object-Oriented JavaScript;https://www.udacity.com/course/object-oriented-javascript--ud711;Computer science

https://upload.wikimedia.org/wikipedia/commons/thumb/3/3b/Udacity_logo.png/800px-Udacity_logo.png;App Marketing;https://www.udacity.com/course/app-marketing--ud719;Computer science

https://upload.wikimedia.org/wikipedia/commons/thumb/3/3b/Udacity_logo.png/800px-Udacity_logo.png;Rapid Prototyping;https://www.udacity.com/course/rapid-prototyping--ud723;Computer science

https://upload.wikimedia.org/wikipedia/commons/thumb/3/3b/Udacity_logo.png/800px-Udacity_logo.png;Machine Learning: Unsupervised Learning;https://www.udacity.com/course/machine-learning-unsupervised-learning--ud741;Computer science

https://upload.wikimedia.org/wikipedia/commons/thumb/3/3b/Udacity_logo.png/800px-Udacity_logo.png;Big Data Analytics in Healthcare;https://www.udacity.com/course/big-data-analytics-in-healthcare--ud758;Computer science

https://upload.wikimedia.org/wikipedia/commons/thumb/3/3b/Udacity_logo.png/800px-Udacity_logo.png;Xcode Debugging;https://www.udacity.com/course/xcode-debugging--ud774;Computer science

https://upload.wikimedia.org/wikipedia/commons/thumb/3/3b/Udacity_logo.png/800px-Udacity_logo.png;Writing READMEs;https://www.udacity.com/course/writing-readmes--ud777;Computer science

https://upload.wikimedia.org/wikipedia/commons/thumb/3/3b/Udacity_logo.png/800px-Udacity_logo.png;UIKit Fundamentals;https://www.udacity.com/course/uikit-fundamentals--ud788;Computer science

https://upload.wikimedia.org/wikipedia/commons/thumb/3/3b/Udacity_logo.png/800px-Udacity_logo.png;Intro to JavaScript;https://www.udacity.com/course/intro-to-javascript--ud803;Computer science

https://upload.wikimedia.org/wikipedia/commons/thumb/3/3b/Udacity_logo.png/800px-Udacity_logo.png;Software Development Process;https://www.udacity.com/course/software-development-process--ud805;Computer science

https://upload.wikimedia.org/wikipedia/commons/thumb/3/3b/Udacity_logo.png/800px-Udacity_logo.png;Get Your Startup Started;https://www.udacity.com/course/get-your-startup-started--ud806;Computer science

https://upload.wikimedia.org/wikipedia/commons/thumb/3/3b/Udacity_logo.png/800px-Udacity_logo.png;How to Install Android Studio;https://www.udacity.com/course/how-to-install-android-studio--ud808;Computer science

https://upload.wikimedia.org/wikipedia/commons/thumb/3/3b/Udacity_logo.png/800px-Udacity_logo.png;Health Informatics in the Cloud;https://www.udacity.com/course/health-informatics-in-the-cloud--ud809;Computer science

https://upload.wikimedia.org/wikipedia/commons/thumb/3/3b/Udacity_logo.png/800px-Udacity_logo.png;Introduction to Computer Vision;https://www.udacity.com/course/introduction-to-computer-vision--ud810;Computer science

https://upload.wikimedia.org/wikipedia/commons/thumb/3/3b/Udacity_logo.png/800px-Udacity_logo.png;Intro to Progressive Web Apps;https://www.udacity.com/course/intro-to-progressive-web-apps--ud811;Computer science

https://upload.wikimedia.org/wikipedia/commons/thumb/3/3b/Udacity_logo.png/800px-Udacity_logo.png;Software Architecture & Design;https://www.udacity.com/course/software-architecture-design--ud821;Computer science

https://upload.wikimedia.org/wikipedia/commons/thumb/3/3b/Udacity_logo.png/800px-Udacity_logo.png;Android Performance;https://www.udacity.com/course/android-performance--ud825;Computer science

https://upload.wikimedia.org/wikipedia/commons/thumb/3/3b/Udacity_logo.png/800px-Udacity_logo.png;Intro to Descriptive Statistics;https://www.udacity.com/course/intro-to-descriptive-statistics--ud827;Computer science

https://upload.wikimedia.org/wikipedia/commons/thumb/3/3b/Udacity_logo.png/800px-Udacity_logo.png;Android Basics: User Interface;https://www.udacity.com/course/android-basics-user-interface--ud834;Computer science

https://upload.wikimedia.org/wikipedia/commons/thumb/3/3b/Udacity_logo.png/800px-Udacity_logo.png;Android Basics: User Input;https://www.udacity.com/course/android-basics-user-input--ud836;Computer science

https://upload.wikimedia.org/wikipedia/commons/thumb/3/3b/Udacity_logo.png/800px-Udacity_logo.png;Android Basics: Multiscreen Apps;https://www.udacity.com/course/android-basics-multiscreen-apps--ud839;Computer science

https://upload.wikimedia.org/wikipedia/commons/thumb/3/3b/Udacity_logo.png/800px-Udacity_logo.png;Android Basics: Networking;https://www.udacity.com/course/android-basics-networking--ud843;Computer science

https://upload.wikimedia.org/wikipedia/commons/thumb/3/3b/Udacity_logo.png/800px-Udacity_logo.png;Android Basics: Data Storage;https://www.udacity.com/course/android-basics-data-storage--ud845;Computer science

https://upload.wikimedia.org/wikipedia/commons/thumb/3/3b/Udacity_logo.png/800px-Udacity_logo.png;UX Design for Mobile Developers;https://www.udacity.com/course/ux-design-for-mobile-developers--ud849;Computer science

https://upload.wikimedia.org/wikipedia/commons/thumb/3/3b/Udacity_logo.png/800px-Udacity_logo.png;Developing Android Apps;https://www.udacity.com/course/new-android-fundamentals--ud851;Computer science

https://upload.wikimedia.org/wikipedia/commons/thumb/3/3b/Udacity_logo.png/800px-Udacity_logo.png;Advanced Android App Development;https://www.udacity.com/course/advanced-android-app-development--ud855;Computer science

https://upload.wikimedia.org/wikipedia/commons/thumb/3/3b/Udacity_logo.png/800px-Udacity_logo.png;Browser Rendering Optimization;https://www.udacity.com/course/browser-rendering-optimization--ud860;Computer science

https://upload.wikimedia.org/wikipedia/commons/thumb/3/3b/Udacity_logo.png/800px-Udacity_logo.png;Material Design for Android Developers;https://www.udacity.com/course/material-design-for-android-developers--ud862;Computer science

https://upload.wikimedia.org/wikipedia/commons/thumb/3/3b/Udacity_logo.png/800px-Udacity_logo.png;Google Maps APIs;https://www.udacity.com/course/google-maps-apis--ud864;Computer science

https://upload.wikimedia.org/wikipedia/commons/thumb/3/3b/Udacity_logo.png/800px-Udacity_logo.png;Gradle for Android and Java;https://www.udacity.com/course/gradle-for-android-and-java--ud867;Computer science

https://upload.wikimedia.org/wikipedia/commons/thumb/3/3b/Udacity_logo.png/800px-Udacity_logo.png;Responsive Images;https://www.udacity.com/course/responsive-images--ud882;Computer science

https://upload.wikimedia.org/wikipedia/commons/thumb/3/3b/Udacity_logo.png/800px-Udacity_logo.png;Website Performance Optimization;https://www.udacity.com/course/website-performance-optimization--ud884;Computer science

https://upload.wikimedia.org/wikipedia/commons/thumb/3/3b/Udacity_logo.png/800px-Udacity_logo.png;Kotlin for Android Developers;https://www.udacity.com/course/kotlin-for-android-developers--ud888;Computer science

https://upload.wikimedia.org/wikipedia/commons/thumb/3/3b/Udacity_logo.png/800px-Udacity_logo.png;Advanced Android with Kotlin;https://www.udacity.com/course/advanced-android-with-kotlin--ud940;Computer science

https://upload.wikimedia.org/wikipedia/commons/thumb/3/3b/Udacity_logo.png/800px-Udacity_logo.png;Building High Conversion Web Forms;https://www.udacity.com/course/building-high-conversion-web-forms--ud890;Computer science

https://upload.wikimedia.org/wikipedia/commons/thumb/3/3b/Udacity_logo.png/800px-Udacity_logo.png;Web Accessibility;https://www.udacity.com/course/web-accessibility--ud891;Computer science

https://upload.wikimedia.org/wikipedia/commons/thumb/3/3b/Udacity_logo.png/800px-Udacity_logo.png;Web Tooling & Automation;https://www.udacity.com/course/web-tooling-automation--ud892;Computer science

https://upload.wikimedia.org/wikipedia/commons/thumb/3/3b/Udacity_logo.png/800px-Udacity_logo.png;Responsive Web Design Fundamentals;https://www.udacity.com/course/responsive-web-design-fundamentals--ud893;Computer science

https://upload.wikimedia.org/wikipedia/commons/thumb/3/3b/Udacity_logo.png/800px-Udacity_logo.png;Front End Frameworks;https://www.udacity.com/course/front-end-frameworks--ud894;Computer science

https://upload.wikimedia.org/wikipedia/commons/thumb/3/3b/Udacity_logo.png/800px-Udacity_logo.png;Client-Server Communication;https://www.udacity.com/course/client-server-communication--ud897;Computer science

https://upload.wikimedia.org/wikipedia/commons/thumb/3/3b/Udacity_logo.png/800px-Udacity_logo.png;JavaScript Promises;https://www.udacity.com/course/javascript-promises--ud898;Computer science

https://upload.wikimedia.org/wikipedia/commons/thumb/3/3b/Udacity_logo.png/800px-Udacity_logo.png;Offline Web Applications;https://www.udacity.com/course/offline-web-applications--ud899;Computer science

https://upload.wikimedia.org/wikipedia/commons/thumb/3/3b/Udacity_logo.png/800px-Udacity_logo.png;Kotlin Bootcamp for Programmers;https://www.udacity.com/course/kotlin-bootcamp-for-programmers--ud9011;Computer science

https://upload.wikimedia.org/wikipedia/commons/thumb/3/3b/Udacity_logo.png/800px-Udacity_logo.png;Developing Android Apps with Kotlin;https://www.udacity.com/course/developing-android-apps-with-kotlin--ud9012;Computer science

https://upload.wikimedia.org/wikipedia/commons/thumb/3/3b/Udacity_logo.png/800px-Udacity_logo.png;Learn Swift Programming Syntax;https://www.udacity.com/course/learn-swift-programming-syntax--ud902;Computer science

https://upload.wikimedia.org/wikipedia/commons/thumb/3/3b/Udacity_logo.png/800px-Udacity_logo.png;Build Native Mobile Apps with Flutter;https://www.udacity.com/course/build-native-mobile-apps-with-flutter--ud905;Computer science

https://upload.wikimedia.org/wikipedia/commons/thumb/3/3b/Udacity_logo.png/800px-Udacity_logo.png;Educational Technology;https://www.udacity.com/course/educational-technology--ud915;Computer science

https://upload.wikimedia.org/wikipedia/commons/thumb/3/3b/Udacity_logo.png/800px-Udacity_logo.png;Model Building and Validation;https://www.udacity.com/course/model-building-and-validation--ud919;Computer science

https://upload.wikimedia.org/wikipedia/commons/thumb/3/3b/Udacity_logo.png/800px-Udacity_logo.png;Introduction to Operating Systems;https://www.udacity.com/course/introduction-to-operating-systems--ud923;Computer science

https://upload.wikimedia.org/wikipedia/commons/thumb/3/3b/Udacity_logo.png/800px-Udacity_logo.png;Data Science Interview Prep;https://www.udacity.com/course/data-science-interview-prep--ud944;Computer science

https://upload.wikimedia.org/wikipedia/commons/thumb/3/3b/Udacity_logo.png/800px-Udacity_logo.png;Linear Algebra Refresher Course;https://www.udacity.com/course/linear-algebra-refresher-course--ud953;Computer science

https://upload.wikimedia.org/wikipedia/commons/thumb/3/3b/Udacity_logo.png/800px-Udacity_logo.png;Artificial Intelligence;https://www.udacity.com/course/artificial-intelligence--ud954;Computer science

https://upload.wikimedia.org/wikipedia/commons/thumb/3/3b/Udacity_logo.png/800px-Udacity_logo.png;Computational Photography;https://www.udacity.com/course/computational-photography--ud955;Computer science

https://upload.wikimedia.org/wikipedia/commons/thumb/3/3b/Udacity_logo.png/800px-Udacity_logo.png;Problem Solving with Advanced Analytics;https://www.udacity.com/course/problem-solving-with-advanced-analytics--ud976;Computer science

https://upload.wikimedia.org/wikipedia/commons/thumb/3/3b/Udacity_logo.png/800px-Udacity_logo.png;Creating an Analytical Dataset;https://www.udacity.com/course/creating-an-analytical-dataset--ud977;Computer science

https://upload.wikimedia.org/wikipedia/commons/thumb/3/3b/Udacity_logo.png/800px-Udacity_logo.png;Classification Models;https://www.udacity.com/course/classification-models--ud978;Computer science

https://upload.wikimedia.org/wikipedia/commons/thumb/3/3b/Udacity_logo.png/800px-Udacity_logo.png;A/B Testing for Business Analysts;https://www.udacity.com/course/ab-testing--ud979;Computer science

https://upload.wikimedia.org/wikipedia/commons/thumb/3/3b/Udacity_logo.png/800px-Udacity_logo.png;Time Series Forecasting;https://www.udacity.com/course/time-series-forecasting--ud980;Computer science

https://upload.wikimedia.org/wikipedia/commons/thumb/3/3b/Udacity_logo.png/800px-Udacity_logo.png;Segmentation and Clustering;https://www.udacity.com/course/segmentation-and-clustering--ud981;Computer science

https://upload.wikimedia.org/wikipedia/commons/thumb/3/3b/Udacity_logo.png/800px-Udacity_logo.png;Cyber-Physical Systems Design & Analysis;https://www.udacity.com/course/cyber-physical-systems-design-analysis--ud9876;Computer science

https://upload.wikimedia.org/wikipedia/commons/thumb/3/3b/Udacity_logo.png/800px-Udacity_logo.png;JavaScript Design Patterns;https://www.udacity.com/course/javascript-design-patterns--ud989;Computer science

https://upload.wikimedia.org/wikipedia/commons/thumb/3/3b/Udacity_logo.png/800px-Udacity_logo.png;What is Programming?;https://www.udacity.com/course/what-is-programming--ud994;Computer science

